tipo_servidor,metodo,media,desvio,throughput
sequencial,GET,0.00016752084096272786,6.815860169538832e-05,5969.406518335784
sequencial,POST,0.00017229715983072916,2.7194954458697693e-05,5803.926199261992
sequencial,PUT,0.00016224384307861328,2.660232891712641e-05,6163.562086700955
sequencial,DELETE,0.0001569827397664388,2.6402112873783083e-05,6370.127069305928
concorrente,GET,0.0003405968348185221,0.0003529881615034983,2964.1898657347847
concorrente,POST,0.000301972230275472,0.00025961972834914184,3333.313027169296
concorrente,PUT,0.00030153592427571615,0.00027149861314931524,3340.4901526560893
concorrente,DELETE,0.0003075989087422689,0.0002763392271600951,3274.4180838029147
