tipo_servidor,metodo,media,desvio,throughput
sequencial,GET,0.0003142595291137695,0.00043214610253655954,3182.0833017221757
sequencial,POST,0.00014803409576416015,1.6549237940559654e-05,6755.200515380899
sequencial,PUT,0.00019538402557373047,8.583372384461488e-05,5118.125686394143
sequencial,DELETE,0.00017366409301757812,3.0033844117429376e-05,5758.242723778144
concorrente,GET,0.0003870248794555664,0.000594895533858781,2632.6788725368824
concorrente,POST,0.0003456997871398926,0.0001309391541934918,2896.4060446188196
concorrente,PUT,0.0003443598747253418,0.00026705899356542934,2918.9233060360084
concorrente,DELETE,0.00037344932556152347,0.00029860821001471483,2692.81382807558
