tipo_servidor,metodo,media,desvio,throughput
sequencial,GET,0.00018338362375895181,8.77215947697927e-05,5453.049620801734
sequencial,POST,0.00017135143280029298,4.3132529755458474e-05,5835.959371086684
sequencial,PUT,0.00016868114471435547,4.771366288873187e-05,5928.344876325088
sequencial,DELETE,0.00014939308166503907,3.227056656792079e-05,6693.750398978615
concorrente,GET,0.000401300589243571,0.0005223059626986022,2529.7663973001754
concorrente,POST,0.00040286382039388016,0.0005923085551509338,2525.4563203050598
concorrente,PUT,0.0003830917676289876,0.0003926030583051048,2634.177539859298
concorrente,DELETE,0.00038634538650512696,0.00040412497848970317,2613.7789267987714
