tipo_servidor,metodo,media,desvio,throughput
sequencial,GET,0.0002396980921427409,0.0002479512549135456,4171.914724312855
sequencial,POST,0.00017286936442057293,2.7805832496379977e-05,5784.714968738507
sequencial,PUT,0.000213623046875,7.574152731441947e-05,4681.142857142857
sequencial,DELETE,0.00018115838368733725,3.1063087446849834e-05,5520.031585874095
concorrente,GET,0.00045485655466715494,0.0006764252848476686,2237.556041684243
concorrente,POST,0.00042440493901570636,0.0007017298793507332,2410.7923005776565
concorrente,PUT,0.000396129290262858,0.00031741686974039087,2538.9583687479635
concorrente,DELETE,0.00044925928115844725,0.0008887590011145213,2296.4741208539544
