tipo_servidor,metodo,media,desvio,throughput
sequencial,GET,0.0001823902130126953,0.00011777792006646415,5482.750326797385
sequencial,POST,0.0001451253890991211,1.582330382281511e-05,6890.593067192377
sequencial,PUT,0.00013911724090576172,1.693806981015374e-05,7188.181662382177
sequencial,DELETE,0.0001420736312866211,2.3119486755235134e-05,7038.603792582648
concorrente,GET,0.000327754020690918,0.00012377463787787725,3051.068596784753
concorrente,POST,0.0002876996994018555,2.2468215740484375e-05,3475.8465235766967
concorrente,PUT,0.0003315925598144531,2.7319898005116225e-05,3015.7492090882947
concorrente,DELETE,0.0003251314163208008,3.823099717279253e-05,3075.679401627924
