tipo_servidor,metodo,media,desvio,throughput
sequencial,GET,0.00025522708892822266,0.00025610997429688533,3918.0794021485285
sequencial,POST,0.00015985965728759766,1.9620060919709356e-05,6255.486950037285
sequencial,PUT,0.00016710758209228515,1.89106834443036e-05,5984.168925667
sequencial,DELETE,0.00017833709716796875,4.276526074463687e-05,5607.358288770053
concorrente,GET,0.00042299032211303713,0.0006199538494777326,2402.6640535318534
concorrente,POST,0.00045782089233398443,0.0008801175996859975,2250.1211117894118
concorrente,PUT,0.0003986048698425293,0.0002627401840720373,2518.528981749672
concorrente,DELETE,0.00040129184722900393,0.0002661477181344306,2501.802656785004
