tipo_servidor,metodo,media,desvio,throughput
sequencial,GET,0.00017371177673339844,7.786938807199436e-05,5756.662091682679
sequencial,POST,0.00017468929290771485,3.4591615492128545e-05,5724.44929712024
sequencial,PUT,0.00014719963073730468,1.1203249315213674e-05,6793.495302883058
sequencial,DELETE,0.00015130043029785157,2.7961167883078935e-05,6609.366530097699
concorrente,GET,0.000419459342956543,0.000617450523996267,2422.46483292741
concorrente,POST,0.00038002967834472657,0.0003433619766730365,2649.583669701573
concorrente,PUT,0.0003910112380981445,0.0002905094226030682,2568.659470139746
concorrente,DELETE,0.0003758907318115234,0.00047857699613023947,2695.8624204817725
