tipo_servidor,metodo,media,desvio,throughput
sequencial,GET,0.00017354488372802734,8.475209105258465e-05,5762.198104135184
sequencial,POST,0.000122833251953125,5.102132834813151e-06,8141.11801242236
sequencial,PUT,0.0001288890838623047,1.4839606835793927e-05,7758.6089530151685
sequencial,DELETE,0.00015306472778320312,2.923521243280283e-05,6533.183800623053
concorrente,GET,0.00036615848541259765,0.0007166435041841271,2802.7481780385783
concorrente,POST,0.0003326797485351563,0.00019349985554464842,3015.3874977556707
concorrente,PUT,0.0003410792350769043,0.00027078131610390146,2948.8659246533743
concorrente,DELETE,0.000341033935546875,0.0004674953532011596,2976.9270606713467
